date,diesel_price,gasoline_price,diesel_price_difference,gasoline_price_difference,diesel_price_difference_percent,gasoline_price_difference_percent
2020-09-23 00:00:00,4.333,4.44,0,0,0,0
2020-09-24 00:00:00,4.333,4.44,0.0,0.0,0.0,0.0
2020-09-25 00:00:00,4.333,4.44,0.0,0.0,0.0,0.0
2020-09-26 00:00:00,4.328,4.438,-0.004999999999999893,-0.002000000000000668,-0.0011539349180705962,-0.00045045045045060084
2020-09-27 00:00:00,4.328,4.438,0.0,0.0,0.0,0.0
2020-09-28 00:00:00,4.353,4.463,0.024999999999999467,0.025000000000000355,0.005776340110905606,0.005633168093735997
2020-09-29 00:00:00,4.379,4.471,0.0259999999999998,0.008000000000000007,0.005972892258212682,0.001792516244678469
2020-09-30 00:00:00,4.379,4.471,0.0,0.0,0.0,0.0
2020-10-01 00:00:00,4.392,4.497,0.013000000000000789,0.0259999999999998,0.0029687143183377003,0.005815253858197227
2020-10-02 00:00:00,4.392,4.497,0.0,0.0,0.0,0.0
2020-10-03 00:00:00,4.392,4.497,0.0,0.0,0.0,0.0
2020-10-04 00:00:00,4.392,4.512,0.0,0.01499999999999968,0.0,0.0033355570380252794
2020-10-05 00:00:00,4.392,4.512,0.0,0.0,0.0,0.0
2020-10-06 00:00:00,4.394,4.512,0.0019999999999997797,0.0,0.0004553734061930281,0.0
2020-10-07 00:00:00,4.394,4.525,0.0,0.013000000000000789,0.0,0.0028812056737590403
2020-10-08 00:00:00,4.412,4.54,0.017999999999999794,0.01499999999999968,0.004096495220755529,0.003314917127071752
2020-10-09 00:00:00,4.417,4.54,0.004999999999999893,0.0,0.0011332728921123966,0.0
2020-10-10 00:00:00,4.417,4.54,0.0,0.0,0.0,0.0
2020-10-11 00:00:00,4.427,4.54,0.009999999999999787,0.0,0.0022639800769752743,0.0
2020-10-12 00:00:00,4.427,4.54,0.0,0.0,0.0,0.0
2020-10-13 00:00:00,4.435,4.568,0.008000000000000007,0.02799999999999958,0.0018070928393946256,0.006167400881057176
2020-10-14 00:00:00,4.443,4.568,0.008000000000000007,0.0,0.001803833145434049,0.0
2020-10-15 00:00:00,4.443,4.568,0.0,0.0,0.0,0.0
2020-10-16 00:00:00,4.422,4.522,-0.020999999999999908,-0.045999999999999375,-0.0047265361242403575,-0.010070052539404418
2020-10-17 00:00:00,4.422,4.522,0.0,0.0,0.0,0.0
2020-10-18 00:00:00,4.438,4.525,0.016000000000000014,0.0030000000000001137,0.0036182722749886964,0.0006634232640424842
2020-10-19 00:00:00,4.443,4.545,0.004999999999999893,0.019999999999999574,0.0011266336187471596,0.004419889502762337
2020-10-20 00:00:00,4.451,4.545,0.008000000000000007,0.0,0.0018005851901868124,0.0
2020-10-21 00:00:00,4.502,4.584,0.051000000000000156,0.0389999999999997,0.011458099303527333,0.008580858085808515
2020-10-22 00:00:00,4.502,4.584,0.0,0.0,0.0,0.0
2020-10-23 00:00:00,4.502,4.584,0.0,0.0,0.0,0.0
2020-10-24 00:00:00,4.466,4.561,-0.03599999999999959,-0.022999999999999687,-0.007996446023989247,-0.005017452006980735
2020-10-25 00:00:00,4.461,4.571,-0.004999999999999893,0.009999999999999787,-0.0011195700850873025,0.0021925016443761864
2020-10-26 00:00:00,4.458,4.566,-0.0030000000000001137,-0.004999999999999893,-0.0006724949562878533,-0.0010938525486764153
2020-10-27 00:00:00,4.42,4.53,-0.038000000000000256,-0.03599999999999959,-0.00852400179452675,-0.007884362680683222
2020-10-28 00:00:00,4.415,4.522,-0.004999999999999893,-0.008000000000000007,-0.0011312217194569894,-0.001766004415011039
2020-10-29 00:00:00,4.415,4.522,0.0,0.0,0.0,0.0
2020-10-30 00:00:00,4.415,4.522,0.0,0.0,0.0,0.0
2020-10-31 00:00:00,4.389,4.469,-0.0259999999999998,-0.052999999999999936,-0.005889014722536761,-0.011720477664750095
2020-11-01 00:00:00,4.389,4.469,0.0,0.0,0.0,0.0
2020-11-02 00:00:00,4.371,4.458,-0.017999999999999794,-0.01100000000000012,-0.004101161995898791,-0.0024614007607966257
2020-11-03 00:00:00,4.371,4.458,0.0,0.0,0.0,0.0
2020-11-04 00:00:00,4.371,4.458,0.0,0.0,0.0,0.0
2020-11-05 00:00:00,4.41,4.458,0.0389999999999997,0.0,0.008922443376801578,0.0
2020-11-06 00:00:00,4.41,4.458,0.0,0.0,0.0,0.0
2020-11-07 00:00:00,4.381,4.428,-0.028999999999999915,-0.03000000000000025,-0.006575963718820842,-0.006729475100942182
2020-11-08 00:00:00,4.41,4.438,0.028999999999999915,0.009999999999999787,0.00661949326637752,0.002258355916892454
2020-11-09 00:00:00,4.41,4.438,0.0,0.0,0.0,0.0
2020-11-10 00:00:00,4.41,4.458,0.0,0.020000000000000462,0.0,0.004506534474988838
2020-11-11 00:00:00,4.412,4.458,0.0019999999999997797,0.0,0.000453514739228975,0.0
2020-11-12 00:00:00,4.435,4.481,0.022999999999999687,0.022999999999999687,0.005213055303717064,0.00515926424405556
2020-11-13 00:00:00,4.44,4.476,0.005000000000000782,-0.004999999999999893,0.0011273957158964558,-0.0011158223610800923
2020-11-14 00:00:00,4.44,4.476,0.0,0.0,0.0,0.0
2020-11-15 00:00:00,4.456,4.476,0.016000000000000014,0.0,0.0036036036036036067,0.0
2020-11-16 00:00:00,4.456,4.476,0.0,0.0,0.0,0.0
2020-11-17 00:00:00,4.456,4.497,0.0,0.020999999999999908,0.0,0.004691689008042875
2020-11-18 00:00:00,4.471,4.499,0.01499999999999968,0.0019999999999997797,0.0033662477558347574,0.00044474093840333106
2020-11-19 00:00:00,4.471,4.512,0.0,0.0129999999999999,0.0,0.0028895310068903983
2020-11-20 00:00:00,4.476,4.507,0.004999999999999893,-0.004999999999999893,0.0011183180496532976,-0.0011081560283687708
2020-11-21 00:00:00,4.476,4.507,0.0,0.0,0.0,0.0
2020-11-22 00:00:00,4.476,4.507,0.0,0.0,0.0,0.0
2020-11-23 00:00:00,4.535,4.574,0.05900000000000016,0.06700000000000017,0.013181411974977695,0.014865764366540975
2020-11-24 00:00:00,4.535,4.566,0.0,-0.008000000000000007,0.0,-0.0017490161783996518
2020-11-25 00:00:00,4.579,4.617,0.043999999999999595,0.051000000000000156,0.009702315325247981,0.011169513797634726
2020-11-26 00:00:00,4.622,4.653,0.04300000000000015,0.03599999999999959,0.00939069665865913,0.007797270955165603
2020-11-27 00:00:00,4.622,4.622,0.0,-0.030999999999999694,0.0,-0.006662368364495959
2020-11-28 00:00:00,4.594,4.592,-0.02799999999999958,-0.03000000000000025,-0.006057983556901684,-0.006490696668109097
2020-11-29 00:00:00,4.622,4.643,0.02799999999999958,0.051000000000000156,0.006094906399651628,0.01110627177700352
2020-11-30 00:00:00,4.622,4.612,0.0,-0.030999999999999694,0.0,-0.006676717639457182
2020-12-01 00:00:00,4.622,4.612,0.0,0.0,0.0,0.0
2020-12-02 00:00:00,4.622,4.612,0.0,0.0,0.0,0.0
2020-12-03 00:00:00,4.64,4.643,0.017999999999999794,0.030999999999999694,0.0038944180008653817,0.0067215958369470285
2020-12-04 00:00:00,4.622,4.581,-0.017999999999999794,-0.06199999999999939,-0.003879310344827542,-0.013353435278914364
2020-12-05 00:00:00,4.622,4.581,0.0,0.0,0.0,0.0
2020-12-06 00:00:00,4.645,4.643,0.022999999999999687,0.06199999999999939,0.004976200778883532,0.013534162846539922
2020-12-07 00:00:00,4.645,4.643,0.0,0.0,0.0,0.0
2020-12-08 00:00:00,4.681,4.668,0.036000000000000476,0.025000000000000355,0.007750269106566303,0.005384449709239792
2020-12-09 00:00:00,4.681,4.668,0.0,0.0,0.0,0.0
2020-12-10 00:00:00,4.681,4.638,0.0,-0.03000000000000025,0.0,-0.0064267352185090505
2020-12-11 00:00:00,4.681,4.632,0.0,-0.006000000000000227,0.0,-0.001293661060802119
2020-12-12 00:00:00,4.681,4.632,0.0,0.0,0.0,0.0
2020-12-13 00:00:00,4.681,4.632,0.0,0.0,0.0,0.0
2020-12-14 00:00:00,4.727,4.679,0.04600000000000026,0.0470000000000006,0.009826960051271151,0.010146804835924136
2020-12-15 00:00:00,4.776,4.697,0.04899999999999949,0.017999999999999794,0.010365982652845248,0.0038469758495404557
2020-12-16 00:00:00,4.776,4.697,0.0,0.0,0.0,0.0
2020-12-18 00:00:00,4.799,4.72,0.023000000000000576,0.022999999999999687,0.004815745393634961,0.004896742601660568
2020-12-19 00:00:00,4.776,4.704,-0.023000000000000576,-0.016000000000000014,-0.004792665138570655,-0.0033898305084745796
2020-12-20 00:00:00,4.799,4.75,0.023000000000000576,0.04600000000000026,0.004815745393634961,0.009778911564625906
2020-12-21 00:00:00,4.799,4.72,0.0,-0.03000000000000025,0.0,-0.006315789473684263
2020-12-22 00:00:00,4.822,4.766,0.022999999999999687,0.04600000000000026,0.00479266513857047,0.009745762711864463
2020-12-23 00:00:00,4.822,4.766,0.0,0.0,0.0,0.0
2020-12-24 00:00:00,4.822,4.766,0.0,0.0,0.0,0.0
2020-12-25 00:00:00,4.799,4.72,-0.022999999999999687,-0.04600000000000026,-0.004769805060140956,-0.009651699538397033
2020-12-26 00:00:00,4.799,4.72,0.0,0.0,0.0,0.0
2020-12-27 00:00:00,4.822,4.766,0.022999999999999687,0.04600000000000026,0.00479266513857047,0.009745762711864463
2020-12-28 00:00:00,4.822,4.766,0.0,0.0,0.0,0.0
2020-12-29 00:00:00,4.822,4.766,0.0,0.0,0.0,0.0
2020-12-30 00:00:00,4.822,4.766,0.0,0.0,0.0,0.0
2020-12-31 00:00:00,4.822,4.766,0.0,0.0,0.0,0.0
2021-01-01 00:00:00,4.822,4.766,0.0,0.0,0.0,0.0
2021-01-02 00:00:00,4.822,4.766,0.0,0.0,0.0,0.0
2021-01-03 00:00:00,4.822,4.766,0.0,0.0,0.0,0.0
2021-01-04 00:00:00,4.861,4.807,0.0389999999999997,0.04100000000000037,0.008087930319369495,0.008602601762484341
2021-01-05 00:00:00,4.861,4.807,0.0,0.0,0.0,0.0
2021-01-06 00:00:00,4.866,4.814,0.004999999999999893,0.006999999999999673,0.0010285949393128767,0.001456209694195896
2021-01-07 00:00:00,4.871,4.814,0.005000000000000782,0.0,0.0010275380189068602,0.0
2021-01-08 00:00:00,4.886,4.807,0.01499999999999968,-0.006999999999999673,0.003079449804968113,-0.0014540922309928693
2021-01-09 00:00:00,4.886,4.807,0.0,0.0,0.0,0.0
2021-01-10 00:00:00,4.896,4.843,0.009999999999999787,0.03599999999999959,0.0020466639377813727,0.007489078427293444
2021-01-11 00:00:00,4.896,4.843,0.0,0.0,0.0,0.0
2021-01-12 00:00:00,4.94,4.894,0.04400000000000048,0.051000000000000156,0.008986928104575262,0.010530662812306454
2021-01-13 00:00:00,4.958,4.894,0.017999999999999794,0.0,0.003643724696356233,0.0
2021-01-14 00:00:00,4.971,4.917,0.0129999999999999,0.022999999999999687,0.0026220250100846914,0.0046996322026971165
2021-01-15 00:00:00,4.963,4.909,-0.008000000000000007,-0.008000000000000007,-0.0016093341380004037,-0.001627008338417736
2021-01-16 00:00:00,4.963,4.909,0.0,0.0,0.0,0.0
2021-01-17 00:00:00,4.971,4.94,0.008000000000000007,0.031000000000000583,0.0016119282691920223,0.006314931757995638
2021-01-18 00:00:00,4.971,4.94,0.0,0.0,0.0,0.0
2021-01-19 00:00:00,4.989,4.955,0.017999999999999794,0.01499999999999968,0.003621001810500864,0.0030364372469634977
2021-01-20 00:00:00,5.012,5.002,0.022999999999999687,0.04699999999999971,0.004610142313088733,0.009485368314833443
2021-01-21 00:00:00,5.012,5.002,0.0,0.0,0.0,0.0
2021-01-22 00:00:00,5.012,5.035,0.0,0.03300000000000036,0.0,0.006597361055577841
2021-01-23 00:00:00,5.012,5.035,0.0,0.0,0.0,0.0
2021-01-24 00:00:00,5.012,5.035,0.0,0.0,0.0,0.0
2021-01-25 00:00:00,5.004,5.019,-0.008000000000000007,-0.016000000000000014,-0.0015961691939345587,-0.003177755710029794
2021-01-26 00:00:00,5.004,5.019,0.0,0.0,0.0,0.0
2021-01-27 00:00:00,4.996,5.019,-0.007999999999999119,0.0,-0.001598721023181279,0.0
2021-01-28 00:00:00,4.996,5.019,0.0,0.0,0.0,0.0
2021-01-29 00:00:00,4.996,5.019,0.0,0.0,0.0,0.0
2021-01-30 00:00:00,4.996,5.019,0.0,0.0,0.0,0.0
2021-01-31 00:00:00,4.996,5.019,0.0,0.0,0.0,0.0
2021-02-01 00:00:00,4.996,5.019,0.0,0.0,0.0,0.0
2021-02-02 00:00:00,4.996,5.019,0.0,0.0,0.0,0.0
2021-02-03 00:00:00,5.032,5.053,0.03599999999999959,0.03399999999999981,0.007205764611689269,0.006774257820282886
2021-02-04 00:00:00,5.032,5.053,0.0,0.0,0.0,0.0
2021-02-05 00:00:00,5.055,5.084,0.022999999999999687,0.030999999999999694,0.004570747217805979,0.006134969325153314
2021-02-06 00:00:00,5.055,5.084,0.0,0.0,0.0,0.0
2021-02-07 00:00:00,5.058,5.084,0.0030000000000001137,0.0,0.0005934718100890433,0.0
2021-02-08 00:00:00,5.058,5.084,0.0,0.0,0.0,0.0
2021-02-09 00:00:00,5.058,5.084,0.0,0.0,0.0,0.0
2021-02-10 00:00:00,5.078,5.112,0.020000000000000462,0.02800000000000047,0.003954132068011163,0.005507474429583098
2021-02-11 00:00:00,5.078,5.112,0.0,0.0,0.0,0.0
2021-02-12 00:00:00,5.107,5.135,0.028999999999999915,0.022999999999999687,0.005710909807010617,0.004499217527386481
2021-02-13 00:00:00,5.107,5.135,0.0,0.0,0.0,0.0
2021-02-14 00:00:00,5.107,5.135,0.0,0.0,0.0,0.0
2021-02-15 00:00:00,5.107,5.135,0.0,0.0,0.0,0.0
2021-02-16 00:00:00,5.148,5.168,0.04099999999999948,0.03300000000000036,0.008028196592911587,0.006426484907497637
2021-02-17 00:00:00,5.148,5.168,0.0,0.0,0.0,0.0
2021-02-18 00:00:00,5.178,5.196,0.03000000000000025,0.02799999999999958,0.0058275058275058765,0.005417956656346668
2021-02-19 00:00:00,5.209,5.224,0.030999999999999694,0.02800000000000047,0.005986867516415546,0.005388760585065526
2021-02-20 00:00:00,5.209,5.224,0.0,0.0,0.0,0.0
2021-02-21 00:00:00,5.209,5.224,0.0,0.0,0.0,0.0
2021-02-22 00:00:00,5.209,5.224,0.0,0.0,0.0,0.0
2021-02-23 00:00:00,5.281,5.296,0.07200000000000006,0.07200000000000006,0.013822230754463443,0.013782542113323136
2021-02-24 00:00:00,5.281,5.296,0.0,0.0,0.0,0.0
2021-02-25 00:00:00,5.281,5.296,0.0,0.0,0.0,0.0
2021-02-26 00:00:00,5.281,5.296,0.0,0.0,0.0,0.0
2021-02-27 00:00:00,5.304,5.327,0.023000000000000576,0.030999999999999694,0.004355235750804881,0.0058534743202416336
2021-02-28 00:00:00,5.312,5.342,0.008000000000000007,0.01499999999999968,0.0015082956259426861,0.0028158438145296943
2021-03-01 00:00:00,5.312,5.342,0.0,0.0,0.0,0.0
2021-03-02 00:00:00,5.312,5.342,0.0,0.0,0.0,0.0
2021-03-03 00:00:00,5.312,5.342,0.0,0.0,0.0,0.0
2021-03-04 00:00:00,5.312,5.342,0.0,0.0,0.0,0.0
2021-03-05 00:00:00,5.312,5.342,0.0,0.0,0.0,0.0
2021-03-07 00:00:00,5.312,5.342,0.0,0.0,0.0,0.0
2021-03-08 00:00:00,5.335,5.35,0.022999999999999687,0.008000000000000007,0.004329819277108375,0.0014975664545114203
2021-03-09 00:00:00,5.376,5.399,0.04100000000000037,0.04900000000000038,0.00768509840674796,0.009158878504672969
2021-03-10 00:00:00,5.376,5.399,0.0,0.0,0.0,0.0
2021-03-11 00:00:00,5.399,5.424,0.022999999999999687,0.025000000000000355,0.004278273809523751,0.004630487127245852
2021-03-12 00:00:00,5.399,5.424,0.0,0.0,0.0,0.0
2021-03-13 00:00:00,5.401,5.44,0.0019999999999997797,0.016000000000000014,0.0003704389701796221,0.002949852507374634
2021-03-14 00:00:00,5.401,5.44,0.0,0.0,0.0,0.0
2021-03-15 00:00:00,5.401,5.455,0.0,0.01499999999999968,0.0,0.002757352941176412
2021-03-16 00:00:00,5.445,5.532,0.04400000000000048,0.07699999999999996,0.008146639511201719,0.014115490375802009
2021-03-17 00:00:00,5.445,5.532,0.0,0.0,0.0,0.0
2021-03-18 00:00:00,5.442,5.532,-0.0030000000000001137,0.0,-0.0005509641873278446,0.0
2021-03-19 00:00:00,5.442,5.532,0.0,0.0,0.0,0.0
2021-03-20 00:00:00,5.435,5.524,-0.007000000000000561,-0.008000000000000007,-0.0012862918044837489,-0.001446131597975417
2021-03-21 00:00:00,5.435,5.524,0.0,0.0,0.0,0.0
2021-03-22 00:00:00,5.435,5.524,0.0,0.0,0.0,0.0
2021-03-23 00:00:00,5.424,5.514,-0.010999999999999233,-0.009999999999999787,-0.0020239190432381295,-0.001810282404054994
2021-03-24 00:00:00,5.394,5.483,-0.03000000000000025,-0.031000000000000583,-0.0055309734513274795,-0.0056220529561118214
2021-03-25 00:00:00,5.381,5.47,-0.0129999999999999,-0.0129999999999999,-0.0024100852799406563,-0.002370964800291793
2021-03-26 00:00:00,5.347,5.442,-0.03399999999999981,-0.02799999999999958,-0.006318528154618065,-0.005118829981718388
2021-03-27 00:00:00,5.353,5.447,0.005999999999999339,0.004999999999999893,0.001122124555825573,0.0009187798603454416
2021-03-28 00:00:00,5.353,5.447,0.0,0.0,0.0,0.0
2021-03-29 00:00:00,5.319,5.447,-0.03399999999999981,0.0,-0.0063515785540817875,0.0
2021-03-30 00:00:00,5.319,5.442,0.0,-0.004999999999999893,0.0,-0.0009179364787956477
2021-03-31 00:00:00,5.319,5.445,0.0,0.0030000000000001137,0.0,0.0005512679162072976
2021-04-01 00:00:00,5.319,5.468,0.0,0.022999999999999687,0.0,0.004224058769513257
2021-04-02 00:00:00,5.319,5.468,0.0,0.0,0.0,0.0
2021-04-03 00:00:00,5.319,5.468,0.0,0.0,0.0,0.0
2021-04-04 00:00:00,5.319,5.468,0.0,0.0,0.0,0.0
2021-04-05 00:00:00,5.319,5.468,0.0,0.0,0.0,0.0
2021-04-06 00:00:00,5.319,5.468,0.0,0.0,0.0,0.0
2021-04-10 00:00:00,5.353,5.488,0.03399999999999981,0.020000000000000462,0.006392178981011432,0.0036576444769569243
2021-04-11 00:00:00,5.33,5.463,-0.022999999999999687,-0.025000000000000355,-0.004296656080702351,-0.004555393586005895
2021-04-12 00:00:00,5.353,5.504,0.022999999999999687,0.04099999999999948,0.004315196998123769,0.0075050338641770966
2021-04-13 00:00:00,5.353,5.504,0.0,0.0,0.0,0.0
2021-04-14 00:00:00,5.391,5.54,0.038000000000000256,0.036000000000000476,0.007098823089856204,0.006540697674418692
2021-04-15 00:00:00,5.391,5.54,0.0,0.0,0.0,0.0
2021-04-16 00:00:00,5.391,5.54,0.0,0.0,0.0,0.0
2021-04-17 00:00:00,5.37,5.491,-0.020999999999999908,-0.04900000000000038,-0.0038953811908736613,-0.008844765342960357
2021-04-18 00:00:00,5.37,5.491,0.0,0.0,0.0,0.0
2021-04-19 00:00:00,5.399,5.547,0.028999999999999915,0.05600000000000005,0.005400372439478569,0.01019850664724095
2021-04-20 00:00:00,5.435,5.583,0.03599999999999959,0.036000000000000476,0.006667901463233856,0.0064899945916712595
2021-04-21 00:00:00,5.435,5.583,0.0,0.0,0.0,0.0
2021-04-22 00:00:00,5.404,5.555,-0.030999999999999694,-0.02800000000000047,-0.0057037718491259794,-0.005015224789539758
2021-04-23 00:00:00,5.394,5.542,-0.009999999999999787,-0.0129999999999999,-0.0018504811250924847,-0.0023402340234023222
2021-04-24 00:00:00,5.37,5.491,-0.02400000000000002,-0.051000000000000156,-0.004449388209121249,-0.00920245398773009
2021-04-25 00:00:00,5.37,5.491,0.0,0.0,0.0,0.0
2021-04-26 00:00:00,5.394,5.542,0.02400000000000002,0.051000000000000156,0.004469273743016764,0.009287925696594456
2021-04-27 00:00:00,5.394,5.542,0.0,0.0,0.0,0.0
2021-04-28 00:00:00,5.394,5.542,0.0,0.0,0.0,0.0
2021-04-29 00:00:00,5.394,5.542,0.0,0.0,0.0,0.0
2021-04-30 00:00:00,5.394,5.517,0.0,-0.024999999999999467,0.0,-0.004511006856730326
2021-05-01 00:00:00,5.373,5.494,-0.020999999999999908,-0.023000000000000576,-0.003893214682981073,-0.004168932390792201
2021-05-02 00:00:00,5.373,5.494,0.0,0.0,0.0,0.0
2021-05-03 00:00:00,5.394,5.542,0.020999999999999908,0.04800000000000004,0.003908431044109419,0.008736803785948315
2021-05-04 00:00:00,5.394,5.542,0.0,0.0,0.0,0.0
2021-05-05 00:00:00,5.399,5.547,0.004999999999999893,0.004999999999999893,0.0009269558769002397,0.0009022013713460653
2021-05-06 00:00:00,5.399,5.529,0.0,-0.017999999999999794,0.0,-0.00324499729583555
2021-05-07 00:00:00,5.414,5.555,0.01499999999999968,0.0259999999999998,0.0027782922763474123,0.004702477844094737
2021-05-08 00:00:00,5.458,5.583,0.04400000000000048,0.02800000000000047,0.008127077946065845,0.005040504050405125
2021-05-09 00:00:00,5.458,5.583,0.0,0.0,0.0,0.0
2021-05-10 00:00:00,5.488,5.627,0.03000000000000025,0.043999999999999595,0.005496518871381504,0.007881067526419415
2021-05-11 00:00:00,5.488,5.627,0.0,0.0,0.0,0.0
2021-05-12 00:00:00,5.488,5.627,0.0,0.0,0.0,0.0
2021-05-13 00:00:00,5.488,5.627,0.0,0.0,0.0,0.0
2021-05-14 00:00:00,5.509,5.65,0.020999999999999908,0.023000000000000576,0.003826530612244881,0.0040874355784610945
2021-05-15 00:00:00,5.468,5.578,-0.04100000000000037,-0.07200000000000006,-0.007442367035759733,-0.012743362831858418
2021-05-16 00:00:00,5.455,5.573,-0.0129999999999999,-0.004999999999999893,-0.002377468910021928,-0.0008963786303334336
2021-05-17 00:00:00,5.455,5.596,0.0,0.022999999999999687,0.0,0.004127041090974284
2021-05-18 00:00:00,5.486,5.616,0.030999999999999694,0.019999999999999574,0.00568285976168647,0.003573981415296564
2021-05-19 00:00:00,5.486,5.616,0.0,0.0,0.0,0.0
2021-05-20 00:00:00,5.509,5.634,0.023000000000000576,0.018000000000000682,0.004192489974480601,0.003205128205128327
2021-05-21 00:00:00,5.486,5.583,-0.023000000000000576,-0.051000000000000156,-0.004174986385914063,-0.009052183173588952
2021-05-22 00:00:00,5.45,5.555,-0.03599999999999959,-0.02800000000000047,-0.006562158220925918,-0.005015224789539758
2021-05-23 00:00:00,5.45,5.555,0.0,0.0,0.0,0.0
2021-05-24 00:00:00,5.455,5.565,0.004999999999999893,0.010000000000000675,0.0009174311926605309,0.0018001800180019218
2021-05-25 00:00:00,5.463,5.583,0.008000000000000007,0.017999999999999794,0.0014665444546287823,0.0032345013477088577
2021-05-26 00:00:00,5.463,5.583,0.0,0.0,0.0,0.0
2021-05-27 00:00:00,5.463,5.583,0.0,0.0,0.0,0.0
2021-05-28 00:00:00,5.463,5.583,0.0,0.0,0.0,0.0
2021-05-29 00:00:00,5.442,5.532,-0.020999999999999908,-0.051000000000000156,-0.0038440417353102522,-0.009134873723804435
2021-05-30 00:00:00,5.442,5.532,0.0,0.0,0.0,0.0
2021-05-31 00:00:00,5.463,5.583,0.020999999999999908,0.051000000000000156,0.00385887541345092,0.009219088937093304
2021-06-01 00:00:00,5.463,5.583,0.0,0.0,0.0,0.0
2021-06-02 00:00:00,5.463,5.583,0.0,0.0,0.0,0.0
2021-06-03 00:00:00,5.463,5.583,0.0,0.0,0.0,0.0
2021-06-04 00:00:00,5.493,5.616,0.03000000000000025,0.032999999999999474,0.00549148819330043,0.005910800644814521
2021-06-05 00:00:00,5.481,5.57,-0.012000000000000455,-0.045999999999999375,-0.0021845985800110056,-0.00819088319088308
2021-06-06 00:00:00,5.481,5.57,0.0,0.0,0.0,0.0
2021-06-07 00:00:00,5.493,5.586,0.012000000000000455,0.016000000000000014,0.0021893814997264102,0.00287253141831239
2021-06-08 00:00:00,5.493,5.616,0.0,0.02999999999999936,0.0,0.005370569280343602
2021-06-09 00:00:00,5.493,5.616,0.0,0.0,0.0,0.0
2021-06-10 00:00:00,5.524,5.642,0.030999999999999694,0.02600000000000069,0.005643546331694828,0.0046296296296297525
2021-06-11 00:00:00,5.537,5.642,0.0129999999999999,0.0,0.0023533671252715244,0.0
2021-06-12 00:00:00,5.56,5.611,0.022999999999999687,-0.031000000000000583,0.004153873938956057,-0.005494505494505597
2021-06-13 00:00:00,5.56,5.611,0.0,0.0,0.0,0.0
2021-06-14 00:00:00,5.588,5.658,0.02800000000000047,0.0470000000000006,0.005035971223021667,0.008376403493138585
2021-06-15 00:00:00,5.624,5.693,0.03599999999999959,0.034999999999999254,0.006442376521116604,0.006185931424531504
2021-06-16 00:00:00,5.624,5.693,0.0,0.0,0.0,0.0
2021-06-17 00:00:00,5.66,5.729,0.036000000000000476,0.036000000000000476,0.006401137980085433,0.006323555243281306
2021-06-18 00:00:00,5.66,5.704,0.0,-0.025000000000000355,0.0,-0.0043637633094781554
2021-06-19 00:00:00,5.629,5.683,-0.031000000000000583,-0.020999999999999908,-0.005477031802120244,-0.003681626928471232
2021-06-20 00:00:00,5.629,5.683,0.0,0.0,0.0,0.0
2021-06-21 00:00:00,5.647,5.691,0.018000000000000682,0.008000000000000007,0.0031977260614675226,0.0014077071969030455
2021-06-22 00:00:00,5.663,5.711,0.016000000000000014,0.020000000000000462,0.0028333628475296644,0.0035143208574943707
2021-06-23 00:00:00,5.67,5.737,0.006999999999999673,0.0259999999999998,0.0012360939431396208,0.00455261775520921
2021-06-24 00:00:00,5.701,5.77,0.030999999999999694,0.032999999999999474,0.005467372134038747,0.005752135262332138
2021-06-25 00:00:00,5.714,5.77,0.013000000000000789,0.0,0.0022803017014560232,0.0
2021-06-26 00:00:00,5.686,5.727,-0.02800000000000047,-0.04299999999999926,-0.0049002450122506945,-0.007452339688041467
2021-06-27 00:00:00,5.686,5.727,0.0,0.0,0.0,0.0
2021-06-28 00:00:00,5.714,5.77,0.02800000000000047,0.04299999999999926,0.00492437565951468,0.007508294045748081
2021-06-29 00:00:00,5.722,5.77,0.008000000000000007,0.0,0.001400070003500176,0.0
2021-06-30 00:00:00,5.752,5.801,0.02999999999999936,0.031000000000000583,0.0052429220552253335,0.0053726169844021815
2021-07-01 00:00:00,5.752,5.801,0.0,0.0,0.0,0.0
2021-07-02 00:00:00,5.752,5.801,0.0,0.0,0.0,0.0
2021-07-03 00:00:00,5.729,5.747,-0.022999999999999687,-0.05400000000000027,-0.003998609179415801,-0.009308739872435834
2021-07-04 00:00:00,5.729,5.747,0.0,0.0,0.0,0.0
2021-07-05 00:00:00,5.752,5.801,0.022999999999999687,0.05400000000000027,0.004014662244719792,0.009396206716547811
2021-07-06 00:00:00,5.783,5.832,0.031000000000000583,0.030999999999999694,0.005389429763560602,0.005343906223064936
2021-07-07 00:00:00,5.804,5.832,0.020999999999999908,0.0,0.0036313332180528974,0.0
2021-07-08 00:00:00,5.834,5.862,0.02999999999999936,0.03000000000000025,0.005168849069607057,0.005144032921810742
2021-07-09 00:00:00,5.804,5.862,-0.02999999999999936,0.0,-0.005142269454919328,0.0
2021-07-10 00:00:00,5.796,5.862,-0.008000000000000007,0.0,-0.0013783597518952457,0.0
2021-07-11 00:00:00,5.796,5.862,0.0,0.0,0.0,0.0
2021-07-12 00:00:00,5.796,5.862,0.0,0.0,0.0,0.0
2021-07-13 00:00:00,5.796,5.862,0.0,0.0,0.0,0.0
2021-07-14 00:00:00,5.796,5.862,0.0,0.0,0.0,0.0
2021-07-15 00:00:00,5.801,5.88,0.004999999999999893,0.017999999999999794,0.0008626639061421486,0.0030706243602865563
2021-07-16 00:00:00,5.832,5.886,0.030999999999999694,0.006000000000000227,0.005343906223064936,0.0010204081632653448
2021-07-17 00:00:00,5.827,5.919,-0.004999999999999893,0.032999999999999474,-0.000857338820301765,0.005606523955147719
2021-07-18 00:00:00,5.827,5.919,0.0,0.0,0.0,0.0
2021-07-19 00:00:00,5.827,5.919,0.0,0.0,0.0,0.0
2021-07-20 00:00:00,5.814,5.919,-0.0129999999999999,0.0,-0.0022309936502488245,0.0
2021-07-21 00:00:00,5.783,5.903,-0.030999999999999694,-0.016000000000000014,-0.005331957344341193,-0.002703159317452275
2021-07-22 00:00:00,5.783,5.903,0.0,0.0,0.0,0.0
2021-07-23 00:00:00,5.814,5.934,0.030999999999999694,0.031000000000000583,0.005360539512363772,0.005251566999830694
2021-07-24 00:00:00,5.814,5.934,0.0,0.0,0.0,0.0
2021-07-25 00:00:00,5.814,5.934,0.0,0.0,0.0,0.0
2021-07-26 00:00:00,5.819,5.934,0.004999999999999893,0.0,0.0008599931200550212,0.0
2021-07-27 00:00:00,5.839,5.957,0.020000000000000462,0.022999999999999687,0.0034370166695309266,0.003875968992248009
2021-07-28 00:00:00,5.839,5.957,0.0,0.0,0.0,0.0
2021-07-29 00:00:00,5.824,5.957,-0.015000000000000568,0.0,-0.0025689330364789464,0.0
2021-07-30 00:00:00,5.824,5.98,0.0,0.023000000000000576,0.0,0.003861003861003958
2021-07-31 00:00:00,5.824,5.98,0.0,0.0,0.0,0.0
2021-08-01 00:00:00,5.824,5.98,0.0,0.0,0.0,0.0
2021-08-02 00:00:00,5.824,5.98,0.0,0.0,0.0,0.0
2021-08-03 00:00:00,5.824,6.032,0.0,0.0519999999999996,0.0,0.008695652173912976
2021-08-04 00:00:00,5.824,6.032,0.0,0.0,0.0,0.0
2021-08-05 00:00:00,5.804,6.011,-0.019999999999999574,-0.020999999999999908,-0.003434065934065861,-0.00348143236074269
2021-08-06 00:00:00,5.798,5.996,-0.006000000000000227,-0.01499999999999968,-0.0010337698139214727,-0.0024954250540674895
2021-08-07 00:00:00,5.791,5.97,-0.006999999999999673,-0.02600000000000069,-0.0012073128665056351,-0.00433622414943307
2021-08-08 00:00:00,5.791,5.97,0.0,0.0,0.0,0.0
2021-08-09 00:00:00,5.791,5.97,0.0,0.0,0.0,0.0
2021-08-10 00:00:00,5.793,5.97,0.0019999999999997797,0.0,0.00034536349507853216,0.0
2021-08-11 00:00:00,5.752,5.929,-0.04100000000000037,-0.04099999999999948,-0.007077507336440595,-0.006867671691792208
2021-08-12 00:00:00,5.747,5.924,-0.004999999999999893,-0.004999999999999893,-0.0008692628650903848,-0.0008433125316242019
2021-08-13 00:00:00,5.747,5.924,0.0,0.0,0.0,0.0
2021-08-14 00:00:00,5.747,5.924,0.0,0.0,0.0,0.0
2021-08-15 00:00:00,5.747,5.924,0.0,0.0,0.0,0.0
2021-08-16 00:00:00,5.747,5.924,0.0,0.0,0.0,0.0
2021-08-17 00:00:00,5.747,5.924,0.0,0.0,0.0,0.0
2021-08-18 00:00:00,5.732,5.909,-0.01499999999999968,-0.015000000000000568,-0.002610057421263212,-0.0025320729237002983
2021-08-19 00:00:00,5.732,5.909,0.0,0.0,0.0,0.0
2021-08-20 00:00:00,5.724,5.903,-0.008000000000000007,-0.006000000000000227,-0.0013956734124214946,-0.0010154002369267604
2021-08-21 00:00:00,5.691,5.868,-0.03300000000000036,-0.034999999999999254,-0.00576519916142564,-0.005929188548195707
2021-08-22 00:00:00,5.691,5.868,0.0,0.0,0.0,0.0
2021-08-23 00:00:00,5.691,5.868,0.0,0.0,0.0,0.0
2021-08-24 00:00:00,5.686,5.86,-0.004999999999999893,-0.008000000000000007,-0.0008785802143735536,-0.001363326516700751
2021-08-25 00:00:00,5.686,5.86,0.0,0.0,0.0,0.0
2021-08-26 00:00:00,5.701,5.86,0.01499999999999968,0.0,0.0026380583890256207,0.0
2021-08-27 00:00:00,5.716,5.86,0.015000000000000568,0.0,0.002631117347833813,0.0
2021-08-28 00:00:00,5.716,5.86,0.0,0.0,0.0,0.0
2021-08-29 00:00:00,5.716,5.86,0.0,0.0,0.0,0.0
2021-08-30 00:00:00,5.716,5.86,0.0,0.0,0.0,0.0
2021-08-31 00:00:00,5.716,5.868,0.0,0.008000000000000007,0.0,0.0013651877133105813
2021-09-01 00:00:00,5.752,5.903,0.03599999999999959,0.034999999999999254,0.006298110566829879,0.005964553510565653
2021-09-02 00:00:00,5.752,5.903,0.0,0.0,0.0,0.0
2021-09-03 00:00:00,5.804,5.929,0.05200000000000049,0.02600000000000069,0.00904033379694028,0.004404540064374164
2021-09-04 00:00:00,5.804,5.929,0.0,0.0,0.0,0.0
2021-09-05 00:00:00,5.804,5.929,0.0,0.0,0.0,0.0
2021-09-06 00:00:00,5.804,5.929,0.0,0.0,0.0,0.0
2021-09-07 00:00:00,5.827,5.955,0.022999999999999687,0.0259999999999998,0.0039627842866987745,0.0043852251644459096
2021-09-08 00:00:00,5.827,5.955,0.0,0.0,0.0,0.0
2021-09-09 00:00:00,5.827,5.998,0.0,0.04300000000000015,0.0,0.007220822837951326
2021-09-10 00:00:00,5.827,5.998,0.0,0.0,0.0,0.0
2021-09-11 00:00:00,5.827,5.998,0.0,0.0,0.0,0.0
2021-09-12 00:00:00,5.827,5.998,0.0,0.0,0.0,0.0
2021-09-13 00:00:00,5.827,5.998,0.0,0.0,0.0,0.0
2021-09-14 00:00:00,5.827,5.998,0.0,0.0,0.0,0.0
2021-09-15 00:00:00,5.875,6.032,0.04800000000000004,0.03399999999999981,0.008237515016303423,0.005668556185395099
2021-09-16 00:00:00,5.883,6.042,0.008000000000000007,0.009999999999999787,0.0013617021276595756,0.0016578249336869674
2021-09-17 00:00:00,5.883,6.057,0.0,0.015000000000000568,0.0,0.0024826216484608687
2021-09-18 00:00:00,5.883,6.057,0.0,0.0,0.0,0.0
2021-09-19 00:00:00,5.883,6.057,0.0,0.0,0.0,0.0
2021-09-20 00:00:00,5.883,6.057,0.0,0.0,0.0,0.0
2021-09-21 00:00:00,5.883,6.057,0.0,0.0,0.0,0.0
2021-09-22 00:00:00,5.883,6.021,0.0,-0.036000000000000476,0.0,-0.005943536404160554
2021-09-23 00:00:00,5.883,6.019,0.0,-0.0019999999999997797,0.0,-0.0003321707357581431
2021-09-24 00:00:00,5.883,6.019,0.0,0.0,0.0,0.0
2021-09-25 00:00:00,5.914,6.019,0.030999999999999694,0.0,0.005269420363759935,0.0
2021-09-26 00:00:00,5.914,6.019,0.0,0.0,0.0,0.0
2021-09-27 00:00:00,5.914,6.019,0.0,0.0,0.0,0.0
2021-09-28 00:00:00,5.914,6.027,0.0,0.008000000000000007,0.0,0.0013291244392756283
2021-09-29 00:00:00,5.957,6.037,0.04300000000000015,0.009999999999999787,0.007270882651335839,0.001659200265472007
2021-09-30 00:00:00,5.957,6.037,0.0,0.0,0.0,0.0
2021-10-01 00:00:00,5.988,6.044,0.031000000000000583,0.006999999999999673,0.005203961725700954,0.0011595163160509647
2021-10-02 00:00:00,6.029,6.093,0.04099999999999948,0.04900000000000038,0.006847027388109465,0.00810721376571813
2021-10-03 00:00:00,6.029,6.093,0.0,0.0,0.0,0.0
2021-10-04 00:00:00,6.029,6.093,0.0,0.0,0.0,0.0
2021-10-05 00:00:00,6.08,6.124,0.051000000000000156,0.030999999999999694,0.008459114280975313,0.005087805678647578
2021-10-06 00:00:00,6.08,6.124,0.0,0.0,0.0,0.0
2021-10-07 00:00:00,6.111,6.155,0.030999999999999694,0.031000000000000583,0.005098684210526266,0.0050620509470934985
2021-10-08 00:00:00,6.152,6.196,0.04100000000000037,0.04099999999999948,0.006709212894779965,0.006661251015434522
2021-10-09 00:00:00,6.132,6.165,-0.020000000000000462,-0.030999999999999694,-0.003250975292587851,-0.005003227888960571
2021-10-10 00:00:00,6.132,6.165,0.0,0.0,0.0,0.0
2021-10-11 00:00:00,6.17,6.216,0.038000000000000256,0.051000000000000156,0.006196999347684321,0.008272506082725086
2021-10-12 00:00:00,6.203,6.247,0.03300000000000036,0.030999999999999694,0.005348460291734257,0.0049871299871299376
2021-10-13 00:00:00,6.234,6.278,0.030999999999999694,0.030999999999999694,0.004997581815250635,0.0049623819433327505
2021-10-14 00:00:00,6.265,6.319,0.030999999999999694,0.04100000000000037,0.004972730189284519,0.006530742274609808
2021-10-15 00:00:00,6.275,6.319,0.010000000000000675,0.0,0.001596169193934665,0.0
2021-10-16 00:00:00,6.255,6.288,-0.020000000000000462,-0.030999999999999694,-0.0031872509960160097,-0.004905839531571403
2021-10-17 00:00:00,6.255,6.288,0.0,0.0,0.0,0.0
2021-10-18 00:00:00,6.306,6.319,0.051000000000000156,0.030999999999999694,0.008153477218225446,0.004930025445292572
2021-10-19 00:00:00,6.337,6.36,0.030999999999999694,0.04100000000000037,0.004915953060577179,0.006488368412723591
2021-10-20 00:00:00,6.367,6.38,0.03000000000000025,0.019999999999999574,0.004734101309768068,0.0031446540880502474
2021-10-21 00:00:00,6.395,6.411,0.02799999999999958,0.030999999999999694,0.00439767551437091,0.004858934169278949
2021-10-22 00:00:00,6.398,6.411,0.0030000000000001137,0.0,0.0004691164972635049,0.0
2021-10-23 00:00:00,6.419,6.36,0.020999999999999908,-0.05099999999999927,0.003282275711159723,-0.007955077211043405
2021-10-24 00:00:00,6.419,6.36,0.0,0.0,0.0,0.0
2021-10-25 00:00:00,6.449,6.38,0.03000000000000025,0.019999999999999574,0.0046736251752609835,0.0031446540880502474
2021-10-26 00:00:00,6.449,6.38,0.0,0.0,0.0,0.0
2021-10-27 00:00:00,6.449,6.39,0.0,0.009999999999999787,0.0,0.0015673981191222236
2021-10-28 00:00:00,6.48,6.421,0.031000000000000583,0.031000000000000583,0.004806946813459541,0.004851330203442971
2021-10-29 00:00:00,6.48,6.421,0.0,0.0,0.0,0.0
2021-10-30 00:00:00,6.46,6.36,-0.020000000000000462,-0.06099999999999994,-0.0030864197530864907,-0.009500077869490725
2021-10-31 00:00:00,6.46,6.36,0.0,0.0,0.0,0.0
2021-11-01 00:00:00,6.449,6.421,-0.01100000000000012,0.06099999999999994,-0.001702786377708997,0.00959119496855345
2021-11-02 00:00:00,6.449,6.421,0.0,0.0,0.0,0.0
2021-11-03 00:00:00,6.449,6.421,0.0,0.0,0.0,0.0
2021-11-04 00:00:00,6.419,6.421,-0.03000000000000025,0.0,-0.004651884013025314,0.0
2021-11-05 00:00:00,6.378,6.38,-0.04099999999999948,-0.04100000000000037,-0.00638728773952321,-0.006385298240149567
2021-11-06 00:00:00,6.347,6.319,-0.030999999999999694,-0.06099999999999994,-0.004860457823769158,-0.009561128526645759
2021-11-07 00:00:00,6.347,6.319,0.0,0.0,0.0,0.0
2021-11-08 00:00:00,6.378,6.38,0.030999999999999694,0.06099999999999994,0.004884197258547297,0.009653426175027685
2021-11-09 00:00:00,6.378,6.38,0.0,0.0,0.0,0.0
2021-11-10 00:00:00,6.378,6.339,0.0,-0.04099999999999948,0.0,-0.006426332288401173
2021-11-11 00:00:00,6.378,6.339,0.0,0.0,0.0,0.0
2021-11-12 00:00:00,6.378,6.298,0.0,-0.04100000000000037,0.0,-0.006467897144660099
2021-11-13 00:00:00,6.326,6.196,-0.05200000000000049,-0.10200000000000031,-0.008153026026967778,-0.016195617656398906
2021-11-14 00:00:00,6.326,6.196,0.0,0.0,0.0,0.0
2021-11-15 00:00:00,6.357,6.257,0.031000000000000583,0.06099999999999994,0.004900411002213181,0.009845061329890242
2021-11-16 00:00:00,6.337,6.255,-0.020000000000000462,-0.0019999999999997797,-0.0031461381154633413,-0.0003196420009588908
2021-11-17 00:00:00,6.337,6.255,0.0,0.0,0.0,0.0
2021-11-18 00:00:00,6.337,6.255,0.0,0.0,0.0,0.0
2021-11-19 00:00:00,6.296,6.255,-0.04099999999999948,0.0,-0.006469938456682892,0.0
2021-11-20 00:00:00,6.265,6.196,-0.031000000000000583,-0.05900000000000016,-0.004923761118170359,-0.009432454036770609
2021-11-21 00:00:00,6.265,6.196,0.0,0.0,0.0,0.0
2021-11-22 00:00:00,6.296,6.255,0.031000000000000583,0.05900000000000016,0.00494812450119722,0.009522272433828303
2021-11-23 00:00:00,6.255,6.216,-0.04100000000000037,-0.0389999999999997,-0.006512071156289766,-0.006235011990407626
2021-11-24 00:00:00,6.255,6.206,0.0,-0.009999999999999787,0.0,-0.0016087516087515744
2021-11-25 00:00:00,6.255,6.206,0.0,0.0,0.0,0.0
2021-11-26 00:00:00,6.255,6.206,0.0,0.0,0.0,0.0
2021-11-27 00:00:00,6.224,6.155,-0.030999999999999694,-0.051000000000000156,-0.004956035171862461,-0.008217853689977466
2021-11-28 00:00:00,6.224,6.155,0.0,0.0,0.0,0.0
2021-11-29 00:00:00,6.224,6.155,0.0,0.0,0.0,0.0
2021-11-30 00:00:00,6.132,6.062,-0.09200000000000053,-0.09299999999999997,-0.014781491002570778,-0.015109666937449223
2021-12-01 00:00:00,6.132,6.062,0.0,0.0,0.0,0.0
2021-12-02 00:00:00,6.162,6.124,0.03000000000000025,0.06199999999999939,0.004892367906066577,0.010227647641042458
2021-12-03 00:00:00,6.162,6.124,0.0,0.0,0.0,0.0
2021-12-04 00:00:00,6.08,6.011,-0.08199999999999985,-0.11299999999999955,-0.01330736773774746,-0.018451992161985557
2021-12-05 00:00:00,6.08,6.011,0.0,0.0,0.0,0.0
2021-12-06 00:00:00,6.111,6.055,0.030999999999999694,0.043999999999999595,0.005098684210526266,0.007319913491931391
2021-12-07 00:00:00,6.091,6.062,-0.019999999999999574,0.007000000000000561,-0.0032727867779413474,0.0011560693641619424
2021-12-08 00:00:00,6.091,6.062,0.0,0.0,0.0,0.0
2021-12-09 00:00:00,6.091,6.062,0.0,0.0,0.0,0.0
2021-12-10 00:00:00,6.091,6.062,0.0,0.0,0.0,0.0
2021-12-11 00:00:00,6.06,6.032,-0.031000000000000583,-0.03000000000000025,-0.005089476276473581,-0.004948861761794828
2021-12-12 00:00:00,6.06,6.032,0.0,0.0,0.0,0.0
2021-12-13 00:00:00,6.091,6.083,0.031000000000000583,0.051000000000000156,0.005115511551155212,0.00845490716180374
2021-12-14 00:00:00,6.091,6.083,0.0,0.0,0.0,0.0
2021-12-15 00:00:00,6.091,6.083,0.0,0.0,0.0,0.0
2021-12-16 00:00:00,6.091,6.101,0.0,0.017999999999999794,0.0,0.002959066250205457
2021-12-17 00:00:00,6.06,6.101,-0.031000000000000583,0.0,-0.005089476276473581,0.0
2021-12-18 00:00:00,6.029,6.042,-0.030999999999999694,-0.05900000000000016,-0.005115511551155066,-0.009670545812161967
2021-12-19 00:00:00,6.029,6.042,0.0,0.0,0.0,0.0
2021-12-20 00:00:00,6.06,6.093,0.030999999999999694,0.051000000000000156,0.0051418145629457115,0.00844091360476666
2021-12-21 00:00:00,6.06,6.093,0.0,0.0,0.0,0.0
2021-12-22 00:00:00,6.019,6.062,-0.04099999999999948,-0.030999999999999694,-0.00676567656765668,-0.005087805678647578
2021-12-23 00:00:00,6.039,6.062,0.019999999999999574,0.0,0.003322811098188997,0.0
2021-12-24 00:00:00,6.039,6.062,0.0,0.0,0.0,0.0
2021-12-25 00:00:00,6.009,6.021,-0.02999999999999936,-0.04100000000000037,-0.004967709885742567,-0.0067634444077862696
2021-12-26 00:00:00,6.009,6.021,0.0,0.0,0.0,0.0
2021-12-27 00:00:00,6.039,6.062,0.02999999999999936,0.04100000000000037,0.004992511233150168,0.006809500083042745
2021-12-28 00:00:00,6.08,6.114,0.04100000000000037,0.0519999999999996,0.0067892035105150475,0.008578027053777566
2021-12-29 00:00:00,6.101,6.124,0.020999999999999908,0.009999999999999787,0.0034539473684210373,0.001635590448151748
2021-12-30 00:00:00,6.111,6.16,0.009999999999999787,0.036000000000000476,0.0016390755613833448,0.005878510777269836
2021-12-31 00:00:00,6.111,6.183,0.0,0.022999999999999687,0.0,0.003733766233766183
2022-01-01 00:00:00,6.142,6.196,0.031000000000000583,0.0129999999999999,0.005072819505809292,0.0021025392204431347
2022-01-02 00:00:00,6.152,6.216,0.009999999999999787,0.020000000000000462,0.0016281341582546054,0.0032278889606198293
2022-01-03 00:00:00,6.152,6.216,0.0,0.0,0.0,0.0
2022-01-04 00:00:00,6.183,6.267,0.030999999999999694,0.051000000000000156,0.005039011703511003,0.00820463320463323
2022-01-05 00:00:00,6.193,6.267,0.009999999999999787,0.0,0.0016173378618793122,0.0
2022-01-06 00:00:00,6.221,6.288,0.02800000000000047,0.020999999999999908,0.004521233650896249,0.003350885591191943
2022-01-07 00:00:00,6.27,6.319,0.04899999999999949,0.030999999999999694,0.007876547178910061,0.004930025445292572
2022-01-08 00:00:00,6.255,6.319,-0.01499999999999968,0.0,-0.0023923444976076047,0.0
2022-01-09 00:00:00,6.255,6.319,0.0,0.0,0.0,0.0
2022-01-10 00:00:00,6.306,6.37,0.051000000000000156,0.051000000000000156,0.008153477218225446,0.008070897293875638
2022-01-11 00:00:00,6.326,6.401,0.019999999999999574,0.030999999999999694,0.0031715826197271763,0.004866562009419104
2022-01-12 00:00:00,6.337,6.401,0.01100000000000012,0.0,0.001738855516914341,0.0
2022-01-13 00:00:00,6.367,6.431,0.03000000000000025,0.03000000000000025,0.004734101309768068,0.0046867676925480784
2022-01-14 00:00:00,6.367,6.431,0.0,0.0,0.0,0.0
2022-01-15 00:00:00,6.367,6.431,0.0,0.0,0.0,0.0
2022-01-16 00:00:00,6.398,6.452,0.030999999999999694,0.020999999999999908,0.004868855033767818,0.003265433058622284
2022-01-17 00:00:00,6.419,6.472,0.020999999999999908,0.020000000000000462,0.003282275711159723,0.003099814011159402
2022-01-18 00:00:00,6.449,6.503,0.03000000000000025,0.030999999999999694,0.0046736251752609835,0.0047898640296662074
2022-01-19 00:00:00,6.48,6.524,0.031000000000000583,0.020999999999999908,0.004806946813459541,0.0032292787944025693
2022-01-20 00:00:00,6.501,6.565,0.020999999999999908,0.04100000000000037,0.0032407407407407263,0.006284488044144753
2022-01-21 00:00:00,6.531,6.585,0.02999999999999936,0.019999999999999574,0.0046146746654359885,0.0030464584920029815
2022-01-22 00:00:00,6.531,6.585,0.0,0.0,0.0,0.0
2022-01-23 00:00:00,6.552,6.595,0.020999999999999908,0.009999999999999787,0.0032154340836012723,0.0015186028853454497
2022-01-24 00:00:00,6.552,6.595,0.0,0.0,0.0,0.0
2022-01-25 00:00:00,6.562,6.647,0.010000000000000675,0.05200000000000049,0.0015262515262516295,0.007884761182714252
2022-01-26 00:00:00,6.562,6.647,0.0,0.0,0.0,0.0
2022-01-27 00:00:00,6.603,6.667,0.04099999999999948,0.019999999999999574,0.0062480950929593845,0.0030088761847449335
2022-01-28 00:00:00,6.652,6.698,0.04900000000000038,0.031000000000000583,0.007420869301832557,0.004649767511624507
2022-01-29 00:00:00,6.654,6.698,0.0019999999999997797,0.0,0.00030066145520141007,0.0
2022-01-30 00:00:00,6.685,6.739,0.030999999999999694,0.04099999999999948,0.0046588518184550185,0.006121230217975437
2022-01-31 00:00:00,6.685,6.739,0.0,0.0,0.0,0.0
2022-02-01 00:00:00,6.685,6.739,0.0,0.0,0.0,0.0
2022-02-02 00:00:00,6.693,6.759,0.008000000000000007,0.020000000000000462,0.0011967090501121926,0.0029677993767621993
2022-02-03 00:00:00,6.711,6.785,0.018000000000000682,0.0259999999999998,0.0026893769610041363,0.003846722888001154
2022-02-04 00:00:00,6.731,6.79,0.019999999999999574,0.004999999999999893,0.002980181791089193,0.000736919675755327
2022-02-05 00:00:00,6.767,6.821,0.036000000000000476,0.030999999999999694,0.005348388055266748,0.004565537555228232
2022-02-06 00:00:00,6.767,6.821,0.0,0.0,0.0,0.0
2022-02-07 00:00:00,6.788,6.841,0.020999999999999908,0.020000000000000462,0.0031032954041672685,0.0029321213898256065
2022-02-08 00:00:00,6.829,6.872,0.04099999999999948,0.030999999999999694,0.006040070713022905,0.00453150124250836
2022-02-09 00:00:00,6.829,6.872,0.0,0.0,0.0,0.0
2022-02-10 00:00:00,6.859,6.903,0.03000000000000025,0.030999999999999694,0.00439302972616785,0.004511059371362005
2022-02-11 00:00:00,6.88,6.923,0.020999999999999908,0.020000000000000462,0.0030616707974923324,0.0028972910328843205
2022-02-12 00:00:00,6.9,6.944,0.020000000000000462,0.020999999999999908,0.0029069767441861137,0.0030333670374115135
2022-02-13 00:00:00,6.9,6.944,0.0,0.0,0.0,0.0
2022-02-14 00:00:00,6.9,6.944,0.0,0.0,0.0,0.0
2022-02-15 00:00:00,6.957,6.985,0.056999999999999496,0.04100000000000037,0.008260869565217318,0.005904377880184385
2022-02-16 00:00:00,6.993,7.005,0.036000000000000476,0.019999999999999574,0.005174644243208348,0.0028632784538295737
2022-02-17 00:00:00,7.013,7.026,0.019999999999999574,0.020999999999999908,0.002860002860002799,0.0029978586723768607
2022-02-18 00:00:00,7.013,7.046,0.0,0.020000000000000462,0.0,0.0028465698832907007
2022-02-19 00:00:00,7.013,7.046,0.0,0.0,0.0,0.0
2022-02-20 00:00:00,7.013,7.046,0.0,0.0,0.0,0.0
2022-02-21 00:00:00,7.034,7.067,0.020999999999999908,0.020999999999999908,0.0029944388991872107,0.0029804144195287974
2022-02-22 00:00:00,7.034,7.067,0.0,0.0,0.0,0.0
2022-02-23 00:00:00,7.085,7.067,0.051000000000000156,0.0,0.007250497583167495,0.0
2022-02-24 00:00:00,7.126,7.067,0.04100000000000037,0.0,0.005786873676781986,0.0
2022-02-25 00:00:00,7.151,7.108,0.024999999999999467,0.04099999999999948,0.0035082795397136496,0.00580161313145599
2022-02-26 00:00:00,7.157,7.108,0.006000000000000227,0.0,0.0008390434904209519,0.0
2022-02-27 00:00:00,7.169,7.139,0.011999999999999567,0.031000000000000583,0.0016766801732568907,0.0043612830613394184
2022-02-28 00:00:00,7.198,7.139,0.029000000000000803,0.0,0.0040451945878087325,0.0
2022-03-01 00:00:00,7.208,7.149,0.009999999999999787,0.009999999999999787,0.0013892747985551246,0.0014007564084605388
2022-03-02 00:00:00,7.208,7.149,0.0,0.0,0.0,0.0
2022-03-03 00:00:00,7.239,7.169,0.030999999999999694,0.019999999999999574,0.004300776914539358,0.002797594069100514
2022-03-04 00:00:00,7.31,7.231,0.07099999999999973,0.06200000000000028,0.00980798452824972,0.00864834704979778
2022-03-05 00:00:00,7.341,7.262,0.031000000000000583,0.030999999999999694,0.004240766073871489,0.004287097220301438
2022-03-06 00:00:00,7.341,7.262,0.0,0.0,0.0,0.0
2022-03-07 00:00:00,7.42,7.338,0.07899999999999974,0.07600000000000051,0.010761476638060173,0.010465436518865397
2022-03-08 00:00:00,7.423,7.346,0.0030000000000001137,0.008000000000000007,0.0004043126684636272,0.0010902153175252121
2022-03-09 00:00:00,7.608,7.477,0.1849999999999996,0.13100000000000023,0.024922538057389143,0.017832834195480565
2022-03-10 00:00:00,7.608,7.477,0.0,0.0,0.0,0.0
2022-03-11 00:00:00,8.146,8.066,0.5380000000000011,0.5890000000000004,0.07071503680336504,0.07877490972315104
2022-03-12 00:00:00,8.176,8.123,0.02999999999999936,0.05699999999999861,0.0036827890989441885,0.007066699727250013
2022-03-13 00:00:00,8.176,8.123,0.0,0.0,0.0,0.0
2022-03-14 00:00:00,8.176,8.123,0.0,0.0,0.0,0.0
2022-03-15 00:00:00,8.176,8.123,0.0,0.0,0.0,0.0
2022-03-16 00:00:00,8.174,8.107,-0.002000000000000668,-0.016000000000000014,-0.0002446183953034085,-0.0019697156223070313
2022-03-17 00:00:00,8.082,8.012,-0.09199999999999875,-0.09499999999999886,-0.011255199412772053,-0.011718268163315514
2022-03-18 00:00:00,8.082,7.91,0.0,-0.10200000000000031,0.0,-0.01273090364453324
2022-03-19 00:00:00,8.12,7.905,0.03799999999999848,-0.004999999999999893,0.0047018064835434885,-0.0006321112515802646
2022-03-20 00:00:00,8.133,7.905,0.0129999999999999,0.0,0.0016009852216748647,0.0
2022-03-21 00:00:00,8.133,7.905,0.0,0.0,0.0,0.0
2022-03-22 00:00:00,8.138,7.905,0.005000000000000782,0.0,0.0006147792942334663,0.0
2022-03-23 00:00:00,8.179,7.905,0.04100000000000037,0.0,0.005038092897517863,0.0
2022-03-24 00:00:00,8.271,7.9,0.09200000000000053,-0.004999999999999893,0.011248318865387031,-0.000632511068943693
2022-03-25 00:00:00,8.312,7.9,0.04099999999999859,0.0,0.0049570789505499445,0.0
2022-03-26 00:00:00,8.358,7.953,0.04600000000000115,0.052999999999999936,0.005534167468720062,0.006708860759493663
2022-03-27 00:00:00,8.417,7.964,0.058999999999999275,0.01100000000000012,0.00705910504905471,0.0013831258644536803
2022-03-28 00:00:00,8.463,7.964,0.045999999999999375,0.0,0.005465130093857595,0.0
2022-03-29 00:00:00,8.502,7.964,0.03900000000000148,0.0,0.004608294930875751,0.0
2022-03-30 00:00:00,8.502,8.01,0.0,0.045999999999999375,0.0,0.005775991963837189
2022-03-31 00:00:00,8.502,7.977,0.0,-0.032999999999999474,0.0,-0.004119850187265852
2022-04-01 00:00:00,8.512,7.977,0.009999999999999787,0.0,0.0011761938367442703,0.0
2022-04-02 00:00:00,8.515,7.925,0.0030000000000001137,-0.05200000000000049,0.0003524436090225697,-0.006518741381471792
2022-04-03 00:00:00,8.543,7.925,0.027999999999998693,0.0,0.0032883147386962644,0.0
2022-04-04 00:00:00,8.543,7.925,0.0,0.0,0.0,0.0
2022-04-05 00:00:00,8.538,7.874,-0.004999999999999005,-0.051000000000000156,-0.0005852744937374465,-0.0064353312302839315
2022-04-06 00:00:00,8.556,7.874,0.017999999999998906,0.0,0.0021082220660574966,0.0
2022-04-07 00:00:00,8.592,7.869,0.036000000000001364,-0.004999999999999893,0.004207573632538729,-0.0006350012700025265
2022-04-08 00:00:00,8.571,7.854,-0.021000000000000796,-0.01499999999999968,-0.002444134078212383,-0.001906214258482613
2022-04-09 00:00:00,8.568,7.841,-0.0030000000000001137,-0.0129999999999999,-0.000350017500875057,-0.001655207537560466
2022-04-10 00:00:00,8.568,7.841,0.0,0.0,0.0,0.0
2022-04-11 00:00:00,8.568,7.841,0.0,0.0,0.0,0.0
2022-05-02 00:00:00,8.789,7.874,0.22100000000000009,0.032999999999999474,0.025793650793650806,0.004208646856268266
2022-05-03 00:00:00,8.791,7.877,0.002000000000000668,0.0030000000000001137,0.00022755717373997816,0.00038100076200153846
2022-05-04 00:00:00,8.825,7.907,0.03399999999999892,0.03000000000000025,0.0038675918553064403,0.003808556557064904
2022-05-05 00:00:00,8.876,7.943,0.051000000000000156,0.03599999999999959,0.005779036827195485,0.004552927785506461
2022-05-06 00:00:00,8.896,7.966,0.02000000000000135,0.023000000000000576,0.002253267237494519,0.00289563137353652
2022-05-07 00:00:00,8.902,7.982,0.005999999999998451,0.016000000000000014,0.0006744604316545021,0.0020085362791865445
2022-05-08 00:00:00,8.914,8.002,0.012000000000000455,0.020000000000000462,0.0013480116827679686,0.002505637684790837
2022-05-09 00:00:00,8.92,8.007,0.006000000000000227,0.004999999999999005,0.0006730984967467161,0.0006248437890526125
2022-05-10 00:00:00,8.979,8.043,0.058999999999999275,0.03599999999999959,0.006614349775784672,0.004496065942300436
2022-05-11 00:00:00,8.989,8.082,0.010000000000001563,0.03900000000000148,0.0011137097672348328,0.004848936963819654
2022-05-12 00:00:00,8.989,8.082,0.0,0.0,0.0,0.0
2022-05-13 00:00:00,8.989,8.097,0.0,0.014999999999998792,0.0,0.0018559762435039334
2022-05-14 00:00:00,9.009,8.161,0.019999999999999574,0.06400000000000006,0.002224941595283076,0.007904162035321731
2022-05-15 00:00:00,9.009,8.161,0.0,0.0,0.0,0.0
2022-05-16 00:00:00,9.009,8.161,0.0,0.0,0.0,0.0
2022-05-17 00:00:00,9.009,8.207,0.0,0.04600000000000115,0.0,0.005636564146550809
2022-05-18 00:00:00,9.009,8.243,0.0,0.03599999999999959,0.0,0.00438649932984033
2022-05-19 00:00:00,9.009,8.251,0.0,0.007999999999999119,0.0,0.000970520441586694
2022-05-20 00:00:00,9.009,8.294,0.0,0.04300000000000104,0.0,0.005211489516422378
2022-05-21 00:00:00,8.891,8.192,-0.11800000000000033,-0.10200000000000031,-0.013098013098013134,-0.012298046780805438
2022-05-22 00:00:00,8.891,8.192,0.0,0.0,0.0,0.0
2022-05-23 00:00:00,9.004,8.294,0.11299999999999955,0.10200000000000031,0.01270948149814414,0.012451171875000038
2022-05-24 00:00:00,9.004,8.294,0.0,0.0,0.0,0.0
2022-05-25 00:00:00,9.004,8.333,0.0,0.0389999999999997,0.0,0.004702194357366735
2022-05-26 00:00:00,9.004,8.333,0.0,0.0,0.0,0.0
2022-05-27 00:00:00,9.004,8.333,0.0,0.0,0.0,0.0
2022-05-28 00:00:00,8.894,8.238,-0.10999999999999943,-0.09500000000000064,-0.012216792536650315,-0.011400456018240806
2022-05-29 00:00:00,8.907,8.246,0.0129999999999999,0.008000000000000895,0.0014616595457611762,0.0009711094925953989
2022-05-30 00:00:00,9.007,8.343,0.09999999999999964,0.09699999999999953,0.011227124733355747,0.011763279165656018
2022-05-31 00:00:00,9.045,8.412,0.038000000000000256,0.06900000000000084,0.004218940823803737,0.008270406328658856
2022-06-01 00:00:00,9.048,8.456,0.0030000000000001137,0.04399999999999871,0.00033167495854064276,0.005230622919638457
2022-06-02 00:00:00,9.078,8.456,0.02999999999999936,0.0,0.0033156498673739348,0.0
2022-06-03 00:00:00,9.078,8.456,0.0,0.0,0.0,0.0
2022-06-04 00:00:00,9.004,8.394,-0.07399999999999984,-0.06199999999999939,-0.008151575236836291,-0.007332071901608253
2022-06-05 00:00:00,9.004,8.394,0.0,0.0,0.0,0.0
2022-06-06 00:00:00,9.15,8.53,0.1460000000000008,0.13599999999999923,0.016215015548645136,0.016202049082678013
2022-06-07 00:00:00,9.168,8.538,0.017999999999998906,0.008000000000000895,0.0019672131147539787,0.0009378663540446537
2022-06-08 00:00:00,9.201,8.571,0.03300000000000125,0.032999999999999474,0.0035994764397907124,0.0038650737877722503
2022-06-09 00:00:00,9.232,8.61,0.030999999999998806,0.0389999999999997,0.003369199000108554,0.004550227511375534
2022-06-10 00:00:00,9.273,8.645,0.04100000000000037,0.03500000000000014,0.004441074523396921,0.004065040650406521
2022-06-11 00:00:00,9.176,8.589,-0.09699999999999953,-0.05599999999999916,-0.01046047665264742,-0.006477732793522171
2022-06-12 00:00:00,9.176,8.589,0.0,0.0,0.0,0.0
2022-06-13 00:00:00,9.345,8.753,0.16900000000000048,0.1639999999999997,0.018417611159546696,0.01909419024333446
2022-06-14 00:00:00,9.345,8.753,0.0,0.0,0.0,0.0
2022-06-15 00:00:00,9.376,8.776,0.030999999999998806,0.022999999999999687,0.003317281968967234,0.002627670512966947
2022-06-16 00:00:00,9.376,8.776,0.0,0.0,0.0,0.0
2022-06-17 00:00:00,9.391,8.791,0.015000000000000568,0.015000000000000568,0.0015998293515358968,0.0017092069279854795
2022-06-18 00:00:00,9.299,8.712,-0.09200000000000053,-0.07900000000000063,-0.009796613779150306,-0.008986463428506498
2022-06-19 00:00:00,9.299,8.704,0.0,-0.007999999999999119,0.0,-0.0009182736455462718
2022-06-20 00:00:00,9.417,8.815,0.11800000000000033,0.11099999999999888,0.012689536509302112,0.012752757352941046
2022-06-21 00:00:00,9.417,8.815,0.0,0.0,0.0,0.0
2022-06-22 00:00:00,9.417,8.815,0.0,0.0,0.0,0.0
2022-06-23 00:00:00,9.412,8.815,-0.004999999999999005,0.0,-0.0005309546564722316,0.0
2022-06-24 00:00:00,9.412,8.815,0.0,0.0,0.0,0.0
2022-06-25 00:00:00,9.294,8.704,-0.11800000000000033,-0.11099999999999888,-0.012537186570335776,-0.012592172433352113
2022-06-26 00:00:00,9.294,8.704,0.0,0.0,0.0,0.0
2022-06-27 00:00:00,9.412,8.815,0.11800000000000033,0.11099999999999888,0.012696363245104402,0.012752757352941046
2022-06-28 00:00:00,9.412,8.815,0.0,0.0,0.0,0.0
2022-06-29 00:00:00,9.412,8.815,0.0,0.0,0.0,0.0
2022-06-30 00:00:00,9.412,8.815,0.0,0.0,0.0,0.0
2022-07-01 00:00:00,8.904,8.312,-0.5080000000000009,-0.5030000000000001,-0.05397365065873362,-0.05706182643221783
2022-07-02 00:00:00,8.904,8.312,0.0,0.0,0.0,0.0
2022-07-03 00:00:00,8.904,8.312,0.0,0.0,0.0,0.0
2022-07-04 00:00:00,8.899,8.302,-0.005000000000000782,-0.009999999999999787,-0.0005615453728662153,-0.0012030798845043054
2022-07-05 00:00:00,8.899,8.302,0.0,0.0,0.0,0.0
2022-07-06 00:00:00,8.899,8.302,0.0,0.0,0.0,0.0
2022-07-07 00:00:00,8.899,8.302,0.0,0.0,0.0,0.0
2022-07-08 00:00:00,8.899,8.302,0.0,0.0,0.0,0.0
2022-07-09 00:00:00,8.899,8.302,0.0,0.0,0.0,0.0
2022-07-10 00:00:00,8.899,8.302,0.0,0.0,0.0,0.0
2022-07-11 00:00:00,8.899,8.302,0.0,0.0,0.0,0.0
2022-07-12 00:00:00,8.899,8.302,0.0,0.0,0.0,0.0
2022-07-13 00:00:00,8.899,8.302,0.0,0.0,0.0,0.0
2022-07-14 00:00:00,8.899,8.302,0.0,0.0,0.0,0.0
2022-07-15 00:00:00,8.899,8.271,0.0,-0.030999999999998806,0.0,-0.003734039990363624
2022-07-16 00:00:00,8.899,8.261,0.0,-0.010000000000001563,0.0,-0.0012090436464758266
2022-07-17 00:00:00,8.899,8.23,0.0,-0.030999999999998806,0.0,-0.003752572327805206
2022-07-18 00:00:00,8.899,8.225,0.0,-0.005000000000000782,0.0,-0.0006075334143378835
2022-07-19 00:00:00,8.899,8.225,0.0,0.0,0.0,0.0
2022-07-20 00:00:00,8.899,8.225,0.0,0.0,0.0,0.0
2022-07-21 00:00:00,8.745,8.077,-0.15399999999999991,-0.1479999999999997,-0.017305315203955493,-0.01799392097264434
2022-07-22 00:00:00,8.745,8.069,0.0,-0.007999999999999119,0.0,-0.0009904667574593437
2022-07-23 00:00:00,8.745,8.069,0.0,0.0,0.0,0.0
2022-07-24 00:00:00,8.745,8.069,0.0,0.0,0.0,0.0
2022-07-25 00:00:00,8.745,8.069,0.0,0.0,0.0,0.0
2022-07-26 00:00:00,8.745,8.069,0.0,0.0,0.0,0.0
2022-07-27 00:00:00,8.694,8.02,-0.05099999999999838,-0.049000000000001265,-0.005831903945111307,-0.006072623621266732
2022-07-28 00:00:00,8.694,8.012,0.0,-0.007999999999999119,0.0,-0.0009975062344138553
2022-07-29 00:00:00,8.694,8.002,0.0,-0.009999999999999787,0.0,-0.001248127808287542
2022-07-30 00:00:00,8.694,8.002,0.0,0.0,0.0,0.0
2022-07-31 00:00:00,8.694,8.002,0.0,0.0,0.0,0.0
2022-08-01 00:00:00,8.694,8.002,0.0,0.0,0.0,0.0
2022-08-02 00:00:00,8.643,8.002,-0.051000000000000156,0.0,-0.005866114561766753,0.0
2022-08-03 00:00:00,8.54,7.913,-0.10300000000000153,-0.08900000000000041,-0.011917158394076307,-0.011122219445138765
2022-08-04 00:00:00,8.54,7.879,0.0,-0.034000000000000696,0.0,-0.004296726905092973
2022-08-05 00:00:00,8.54,7.871,0.0,-0.007999999999999119,0.0,-0.001015357278842381
2022-08-06 00:00:00,8.54,7.864,0.0,-0.007000000000000561,0.0,-0.0008893406174565571
2022-08-07 00:00:00,8.54,7.864,0.0,0.0,0.0,0.0
2022-08-08 00:00:00,8.438,7.779,-0.10199999999999854,-0.08499999999999996,-0.011943793911006856,-0.010808748728382498
2022-08-09 00:00:00,8.438,7.761,0.0,-0.017999999999999794,0.0,-0.002313922097956009
2022-08-10 00:00:00,8.335,7.728,-0.10299999999999976,-0.03300000000000036,-0.012206684048352661,-0.004252029377657565
2022-08-11 00:00:00,8.335,7.71,0.0,-0.017999999999999794,0.0,-0.0023291925465838245
2022-08-12 00:00:00,8.335,7.71,0.0,0.0,0.0,0.0
2022-08-13 00:00:00,8.335,7.71,0.0,0.0,0.0,0.0
2022-08-14 00:00:00,8.335,7.71,0.0,0.0,0.0,0.0
2022-08-15 00:00:00,8.335,7.71,0.0,0.0,0.0,0.0
2022-08-16 00:00:00,8.335,7.71,0.0,0.0,0.0,0.0
2022-08-17 00:00:00,8.335,7.677,0.0,-0.03300000000000036,0.0,-0.0042801556420233935
2022-08-18 00:00:00,8.335,7.659,0.0,-0.017999999999999794,0.0,-0.002344665885111345
2022-08-19 00:00:00,8.335,7.625,0.0,-0.03399999999999981,0.0,-0.004439221830526153
2022-08-20 00:00:00,8.335,7.608,0.0,-0.017000000000000348,0.0,-0.002229508196721357
2022-08-21 00:00:00,8.335,7.608,0.0,0.0,0.0,0.0
2022-08-22 00:00:00,8.348,7.608,0.0129999999999999,0.0,0.0015596880623875104,0.0
2022-08-23 00:00:00,8.369,7.608,0.02099999999999902,0.0,0.002515572592237544,0.0
2022-08-24 00:00:00,8.392,7.605,0.022999999999999687,-0.0029999999999992255,0.0027482375433145762,-0.00039432176656141243
2022-08-25 00:00:00,8.417,7.605,0.025000000000000355,0.0,0.0029790276453765916,0.0
2022-08-26 00:00:00,8.438,7.631,0.021000000000000796,0.0259999999999998,0.002494950695022074,0.0034188034188033923
2022-08-27 00:00:00,8.499,7.631,0.06099999999999994,0.0,0.007229201232519547,0.0
2022-08-28 00:00:00,8.499,7.631,0.0,0.0,0.0,0.0
2022-08-29 00:00:00,8.499,7.631,0.0,0.0,0.0,0.0
2022-08-30 00:00:00,8.507,7.631,0.007999999999999119,0.0,0.0009412872102599268,0.0
2022-08-31 00:00:00,8.51,7.631,0.0030000000000001137,0.0,0.00035265075819914353,0.0
2022-09-01 00:00:00,8.54,7.605,0.02999999999999936,-0.0259999999999998,0.0035252643948295373,-0.0034071550255536367
2022-09-02 00:00:00,8.54,7.502,0.0,-0.10300000000000065,0.0,-0.013543721236029012
2022-09-03 00:00:00,8.54,7.497,0.0,-0.004999999999999893,0.0,-0.0006664889362836435
2022-09-04 00:00:00,8.54,7.497,0.0,0.0,0.0,0.0
2022-09-05 00:00:00,8.54,7.4,0.0,-0.09699999999999953,0.0,-0.012938508736828003
2022-09-06 00:00:00,8.548,7.385,0.008000000000000895,-0.015000000000000568,0.0009367681498830089,-0.002027027027027104
2022-09-07 00:00:00,8.581,7.385,0.032999999999999474,0.0,0.0038605521759475284,0.0
2022-09-08 00:00:00,8.581,7.385,0.0,0.0,0.0,0.0
2022-09-09 00:00:00,8.581,7.385,0.0,0.0,0.0,0.0
2022-09-10 00:00:00,8.581,7.356,0.0,-0.028999999999999915,0.0,-0.0039268788083953845
2022-09-11 00:00:00,8.581,7.356,0.0,0.0,0.0,0.0
2022-09-12 00:00:00,8.581,7.356,0.0,0.0,0.0,0.0
2022-09-13 00:00:00,8.592,7.356,0.011000000000001009,0.0,0.0012819018762383182,0.0
2022-09-14 00:00:00,8.622,7.344,0.02999999999999936,-0.011999999999999567,0.0034916201117317688,-0.0016313213703098922
2022-09-15 00:00:00,8.469,7.205,-0.15300000000000047,-0.13900000000000023,-0.01774530271398753,-0.018927015250544695
2022-09-16 00:00:00,8.469,7.19,0.0,-0.01499999999999968,0.0,-0.00208188757807074
2022-09-17 00:00:00,8.315,7.052,-0.15399999999999991,-0.1380000000000008,-0.018183965049002236,-0.019193324061196216
2022-09-18 00:00:00,8.315,7.026,0.0,-0.0259999999999998,0.0,-0.003686897334089592
2022-09-19 00:00:00,8.315,7.026,0.0,0.0,0.0,0.0
2022-09-20 00:00:00,8.315,6.949,0.0,-0.07699999999999996,0.0,-0.010959294050668937
2022-09-21 00:00:00,8.315,6.934,0.0,-0.01499999999999968,0.0,-0.0021585839689163447
2022-09-22 00:00:00,8.212,6.846,-0.10299999999999976,-0.08800000000000008,-0.012387251954299431,-0.012691087395442757
2022-09-23 00:00:00,8.212,6.831,0.0,-0.01499999999999968,0.0,-0.0021910604732690154
2022-09-24 00:00:00,8.212,6.831,0.0,0.0,0.0,0.0
2022-09-25 00:00:00,8.212,6.831,0.0,0.0,0.0,0.0
2022-09-26 00:00:00,8.212,6.831,0.0,0.0,0.0,0.0
2022-09-27 00:00:00,8.11,6.734,-0.10200000000000031,-0.09700000000000042,-0.012420847540185133,-0.014199970721709913
2022-09-28 00:00:00,8.11,6.708,0.0,-0.0259999999999998,0.0,-0.0038610038610038316
2022-09-29 00:00:00,8.11,6.708,0.0,0.0,0.0,0.0
2022-09-30 00:00:00,8.11,6.708,0.0,0.0,0.0,0.0
2022-10-01 00:00:00,8.11,6.708,0.0,0.0,0.0,0.0
2022-10-02 00:00:00,8.11,6.708,0.0,0.0,0.0,0.0
2022-10-03 00:00:00,8.11,6.708,0.0,0.0,0.0,0.0
2022-10-04 00:00:00,8.11,6.708,0.0,0.0,0.0,0.0
2022-10-05 00:00:00,8.11,6.708,0.0,0.0,0.0,0.0
2022-10-06 00:00:00,8.11,6.708,0.0,0.0,0.0,0.0
2022-10-07 00:00:00,8.13,6.708,0.02000000000000135,0.0,0.0024660912453762455,0.0
2022-10-08 00:00:00,8.202,6.739,0.07199999999999918,0.030999999999999694,0.008856088560885506,0.004621347644603413
2022-10-09 00:00:00,8.212,6.759,0.009999999999999787,0.020000000000000462,0.001219214825652254,0.0029677993767621993
2022-10-10 00:00:00,8.223,6.759,0.011000000000001009,0.0,0.0013395031660985155,0.0
2022-10-11 00:00:00,8.248,6.777,0.02499999999999858,0.017999999999999794,0.0030402529490451873,0.0026631158455392503
2022-10-12 00:00:00,8.335,6.852,0.08700000000000152,0.07500000000000018,0.010548011639185442,0.011066843736166471
2022-10-13 00:00:00,8.335,6.872,0.0,0.019999999999999574,0.0,0.0029188558085229965
2022-10-14 00:00:00,8.351,6.872,0.016000000000000014,0.0,0.0019196160767846445,0.0
2022-10-15 00:00:00,8.417,6.903,0.06599999999999895,0.030999999999999694,0.007903245120344743,0.004511059371362005
2022-10-16 00:00:00,8.417,6.903,0.0,0.0,0.0,0.0
2022-10-17 00:00:00,8.428,6.903,0.011000000000001009,0.0,0.0013068789354878233,0.0
2022-10-18 00:00:00,8.499,6.995,0.07099999999999973,0.09200000000000053,0.008424299952539122,0.013327538751267642
2022-10-19 00:00:00,8.52,6.995,0.02099999999999902,0.0,0.002470878926932465,0.0
2022-10-20 00:00:00,8.52,6.995,0.0,0.0,0.0,0.0
2022-10-21 00:00:00,8.581,7.036,0.06099999999999994,0.04099999999999948,0.007159624413145533,0.005861329521086416
2022-10-22 00:00:00,8.602,7.067,0.021000000000000796,0.031000000000000583,0.0024472672182730216,0.00440591245025591
2022-10-23 00:00:00,8.612,7.067,0.009999999999999787,0.0,0.001162520344105997,0.0
2022-10-24 00:00:00,8.633,7.098,0.02099999999999902,0.030999999999999694,0.0024384579656292404,0.004386585538417956
2022-10-25 00:00:00,8.633,7.098,0.0,0.0,0.0,0.0
2022-10-26 00:00:00,8.633,7.098,0.0,0.0,0.0,0.0
2022-10-27 00:00:00,8.633,7.098,0.0,0.0,0.0,0.0
2022-10-28 00:00:00,8.633,7.149,0.0,0.051000000000000156,0.0,0.007185122569737977
2022-10-29 00:00:00,8.633,7.149,0.0,0.0,0.0,0.0
2022-10-30 00:00:00,8.633,7.174,0.0,0.025000000000000355,0.0,0.0034969925863757665
2022-10-31 00:00:00,8.633,7.174,0.0,0.0,0.0,0.0
2022-11-01 00:00:00,8.633,7.174,0.0,0.0,0.0,0.0
2022-11-02 00:00:00,8.633,7.174,0.0,0.0,0.0,0.0
2022-11-03 00:00:00,8.633,7.18,0.0,0.005999999999999339,0.0,0.0008363534987453776
2022-11-04 00:00:00,8.643,7.2,0.010000000000001563,0.020000000000000462,0.0011583458820805703,0.0027855153203343265
2022-11-05 00:00:00,8.674,7.241,0.030999999999998806,0.04099999999999948,0.0035867175749159787,0.005694444444444373
2022-11-06 00:00:00,8.674,7.241,0.0,0.0,0.0,0.0
2022-11-07 00:00:00,8.684,7.241,0.009999999999999787,0.0,0.0011528706479132795,0.0
2022-11-08 00:00:00,8.725,7.292,0.04100000000000037,0.051000000000000156,0.004721326577614046,0.007043226073746742
2022-11-09 00:00:00,8.756,7.323,0.031000000000000583,0.031000000000000583,0.0035530085959886056,0.004251234229292455
2022-11-10 00:00:00,8.756,7.323,0.0,0.0,0.0,0.0
2022-11-11 00:00:00,8.756,7.323,0.0,0.0,0.0,0.0
2022-11-12 00:00:00,8.725,7.344,-0.031000000000000583,0.020999999999999908,-0.003540429419826471,0.002867677181482986
2022-11-13 00:00:00,8.725,7.344,0.0,0.0,0.0,0.0
2022-11-14 00:00:00,8.725,7.344,0.0,0.0,0.0,0.0
2022-11-15 00:00:00,8.725,7.364,0.0,0.019999999999999574,0.0,0.0027233115468409006
2022-11-16 00:00:00,8.694,7.364,-0.030999999999998806,0.0,-0.003553008595988402,0.0
2022-11-17 00:00:00,8.643,7.351,-0.051000000000000156,-0.0129999999999999,-0.005866114561766753,-0.0017653449212384439
2022-11-18 00:00:00,8.643,7.323,0.0,-0.02799999999999958,0.0,-0.0038090055774723957
2022-11-19 00:00:00,8.592,7.3,-0.051000000000000156,-0.023000000000000576,-0.005900728913571694,-0.0031407892940052673
2022-11-20 00:00:00,8.592,7.3,0.0,0.0,0.0,0.0
2022-11-21 00:00:00,8.551,7.282,-0.04100000000000037,-0.017999999999999794,-0.0047718808193668956,-0.002465753424657506
2022-11-22 00:00:00,8.499,7.249,-0.0519999999999996,-0.03300000000000036,-0.006081160098234078,-0.0045317220543807145
2022-11-23 00:00:00,8.417,7.167,-0.08200000000000074,-0.08199999999999985,-0.0096481939051654,-0.01131190509035727
2022-11-24 00:00:00,8.417,7.167,0.0,0.0,0.0,0.0
2022-11-25 00:00:00,8.366,7.116,-0.051000000000000156,-0.051000000000000156,-0.006059165973624826,-0.007115948095437443
2022-11-26 00:00:00,8.366,7.098,0.0,-0.017999999999999794,0.0,-0.0025295109612141365
2022-11-27 00:00:00,8.366,7.098,0.0,0.0,0.0,0.0
2022-11-28 00:00:00,8.366,7.098,0.0,0.0,0.0,0.0
2022-11-29 00:00:00,8.284,7.046,-0.08199999999999896,-0.0519999999999996,-0.009801577814965212,-0.0073260073260072705
2022-11-30 00:00:00,8.13,6.921,-0.15399999999999991,-0.125,-0.018590053114437458,-0.017740562021004824
2022-12-01 00:00:00,8.13,6.903,0.0,-0.018000000000000682,0.0,-0.0026007802340703196
2022-12-02 00:00:00,8.13,6.903,0.0,0.0,0.0,0.0
2022-12-03 00:00:00,8.13,6.903,0.0,0.0,0.0,0.0
2022-12-04 00:00:00,8.13,6.903,0.0,0.0,0.0,0.0
2022-12-05 00:00:00,8.13,6.903,0.0,0.0,0.0,0.0
2022-12-06 00:00:00,7.977,6.767,-0.15300000000000047,-0.13599999999999923,-0.018819188191881976,-0.019701579023612813
2022-12-07 00:00:00,7.823,6.613,-0.15399999999999991,-0.15399999999999991,-0.019305503322050884,-0.022757499630560056
2022-12-08 00:00:00,7.618,6.442,-0.20500000000000007,-0.17100000000000026,-0.02620478077463889,-0.02585815817329506
2022-12-09 00:00:00,7.618,6.442,0.0,0.0,0.0,0.0
2022-12-10 00:00:00,7.464,6.288,-0.15399999999999991,-0.15399999999999991,-0.02021527960094512,-0.023905619372865557
2022-12-11 00:00:00,7.464,6.288,0.0,0.0,0.0,0.0
2022-12-12 00:00:00,7.464,6.288,0.0,0.0,0.0,0.0
2022-12-13 00:00:00,7.464,6.288,0.0,0.0,0.0,0.0
2022-12-14 00:00:00,7.464,6.288,0.0,0.0,0.0,0.0
2022-12-15 00:00:00,7.464,6.288,0.0,0.0,0.0,0.0
2022-12-16 00:00:00,7.464,6.288,0.0,0.0,0.0,0.0
2022-12-17 00:00:00,7.464,6.288,0.0,0.0,0.0,0.0
2022-12-18 00:00:00,7.464,6.288,0.0,0.0,0.0,0.0
2022-12-19 00:00:00,7.464,6.288,0.0,0.0,0.0,0.0
2022-12-20 00:00:00,7.362,6.175,-0.10200000000000031,-0.11300000000000043,-0.013665594855305507,-0.017970737913486072
2022-12-21 00:00:00,7.362,6.175,0.0,0.0,0.0,0.0
2022-12-22 00:00:00,7.31,6.132,-0.05200000000000049,-0.04300000000000015,-0.007063298016843316,-0.006963562753036462
2022-12-23 00:00:00,7.31,6.114,0.0,-0.017999999999999794,0.0,-0.002935420743639888
2022-12-24 00:00:00,7.31,6.114,0.0,0.0,0.0,0.0
2022-12-25 00:00:00,7.31,6.114,0.0,0.0,0.0,0.0
2022-12-26 00:00:00,7.31,6.114,0.0,0.0,0.0,0.0
2022-12-27 00:00:00,7.31,6.114,0.0,0.0,0.0,0.0
2022-12-28 00:00:00,7.31,6.114,0.0,0.0,0.0,0.0
2022-12-29 00:00:00,7.31,6.114,0.0,0.0,0.0,0.0
2022-12-30 00:00:00,7.31,6.114,0.0,0.0,0.0,0.0
2022-12-31 00:00:00,7.31,6.114,0.0,0.0,0.0,0.0
2023-01-01 00:00:00,7.321,6.114,0.01100000000000012,0.0,0.001504787961696323,0.0
2023-01-02 00:00:00,7.7,6.472,0.37900000000000045,0.35800000000000054,0.0517688840322361,0.058554138043833914
2023-01-03 00:00:00,7.7,6.472,0.0,0.0,0.0,0.0
2023-01-04 00:00:00,7.7,6.472,0.0,0.0,0.0,0.0
2023-01-05 00:00:00,7.7,6.472,0.0,0.0,0.0,0.0
2023-01-06 00:00:00,7.659,6.421,-0.04100000000000037,-0.051000000000000156,-0.005324675324675373,-0.007880098887515475
2023-01-07 00:00:00,7.659,6.421,0.0,0.0,0.0,0.0
2023-01-08 00:00:00,7.659,6.421,0.0,0.0,0.0,0.0
2023-01-09 00:00:00,7.659,6.421,0.0,0.0,0.0,0.0
2023-01-10 00:00:00,7.659,6.421,0.0,0.0,0.0,0.0
2023-01-11 00:00:00,7.659,6.421,0.0,0.0,0.0,0.0
2023-01-12 00:00:00,7.659,6.421,0.0,0.0,0.0,0.0
2023-01-13 00:00:00,7.659,6.421,0.0,0.0,0.0,0.0
2023-01-14 00:00:00,7.659,6.421,0.0,0.0,0.0,0.0
2023-01-15 00:00:00,7.71,6.472,0.051000000000000156,0.051000000000000156,0.006658832745789288,0.007942688054820145
2023-01-16 00:00:00,7.71,6.472,0.0,0.0,0.0,0.0
2023-01-17 00:00:00,7.71,6.472,0.0,0.0,0.0,0.0
2023-01-18 00:00:00,7.751,6.513,0.04100000000000037,0.04099999999999948,0.005317769130998751,0.006334981458590772
2023-01-19 00:00:00,7.751,6.513,0.0,0.0,0.0,0.0
2023-01-20 00:00:00,7.772,6.565,0.020999999999999908,0.05200000000000049,0.002709327828667257,0.00798403193612782
2023-01-21 00:00:00,7.802,6.575,0.02999999999999936,0.009999999999999787,0.0038600102933607,0.0015232292460014907
2023-01-22 00:00:00,7.802,6.575,0.0,0.0,0.0,0.0
2023-01-23 00:00:00,7.802,6.616,0.0,0.04099999999999948,0.0,0.006235741444866841
2023-01-24 00:00:00,7.802,6.616,0.0,0.0,0.0,0.0
2023-01-25 00:00:00,7.884,6.698,0.08200000000000074,0.08200000000000074,0.010510125608818347,0.012394195888754646
2023-01-26 00:00:00,7.884,6.698,0.0,0.0,0.0,0.0
2023-01-27 00:00:00,7.884,6.698,0.0,0.0,0.0,0.0
2023-01-28 00:00:00,7.884,6.698,0.0,0.0,0.0,0.0
2023-01-29 00:00:00,7.884,6.698,0.0,0.0,0.0,0.0
2023-01-30 00:00:00,7.884,6.698,0.0,0.0,0.0,0.0
2023-01-31 00:00:00,7.884,6.698,0.0,0.0,0.0,0.0
2023-02-01 00:00:00,7.854,6.698,-0.03000000000000025,0.0,-0.003805175038051782,0.0
2023-02-02 00:00:00,7.854,6.688,0.0,-0.010000000000000675,0.0,-0.0014929829799941287
2023-02-03 00:00:00,7.833,6.688,-0.020999999999999908,0.0,-0.0026737967914438384,0.0
2023-02-04 00:00:00,7.782,6.688,-0.051000000000000156,0.0,-0.006510915358100364,0.0
2023-02-05 00:00:00,7.782,6.688,0.0,0.0,0.0,0.0
2023-02-06 00:00:00,7.772,6.667,-0.009999999999999787,-0.020999999999999908,-0.0012850167052171405,-0.0031399521531100343
2023-02-07 00:00:00,7.679,6.667,-0.09299999999999997,0.0,-0.011966031909418421,0.0
2023-02-08 00:00:00,7.577,6.667,-0.10200000000000031,0.0,-0.01328297955462955,0.0
2023-02-09 00:00:00,7.577,6.649,0.0,-0.017999999999999794,0.0,-0.0026998650067496317
2023-02-10 00:00:00,7.577,6.649,0.0,0.0,0.0,0.0
2023-02-11 00:00:00,7.526,6.649,-0.051000000000000156,0.0,-0.006730896133034203,0.0
2023-02-12 00:00:00,7.526,6.641,0.0,-0.008000000000000007,0.0,-0.001203188449390887
2023-02-13 00:00:00,7.526,6.641,0.0,0.0,0.0,0.0
2023-02-14 00:00:00,7.526,6.641,0.0,0.0,0.0,0.0
2023-02-15 00:00:00,7.526,6.677,0.0,0.03599999999999959,0.0,0.0054208703508507134
2023-02-16 00:00:00,7.526,6.698,0.0,0.021000000000000796,0.0,0.0031451250561630667
2023-02-17 00:00:00,7.526,6.698,0.0,0.0,0.0,0.0
2023-02-18 00:00:00,7.526,6.698,0.0,0.0,0.0,0.0
2023-02-19 00:00:00,7.526,6.698,0.0,0.0,0.0,0.0
2023-02-20 00:00:00,7.526,6.698,0.0,0.0,0.0,0.0
2023-02-21 00:00:00,7.444,6.698,-0.08199999999999985,0.0,-0.010895562051554591,0.0
2023-02-22 00:00:00,7.444,6.677,0.0,-0.021000000000000796,0.0,-0.0031352642579875775
2023-02-23 00:00:00,7.444,6.677,0.0,0.0,0.0,0.0
2023-02-24 00:00:00,7.392,6.677,-0.0519999999999996,0.0,-0.006985491671144492,0.0
2023-02-25 00:00:00,7.392,6.677,0.0,0.0,0.0,0.0
2023-02-26 00:00:00,7.392,6.677,0.0,0.0,0.0,0.0
2023-02-27 00:00:00,7.392,6.677,0.0,0.0,0.0,0.0
2023-02-28 00:00:00,7.392,6.677,0.0,0.0,0.0,0.0
2023-03-01 00:00:00,7.392,6.677,0.0,0.0,0.0,0.0
2023-03-02 00:00:00,7.392,6.677,0.0,0.0,0.0,0.0
2023-03-03 00:00:00,7.403,6.718,0.010999999999999233,0.04100000000000037,0.0014880952380951341,0.006140482252508668
2023-03-04 00:00:00,7.433,6.718,0.03000000000000025,0.0,0.004052411184654904,0.0
2023-03-05 00:00:00,7.433,6.718,0.0,0.0,0.0,0.0
2023-03-06 00:00:00,7.433,6.718,0.0,0.0,0.0,0.0
2023-03-07 00:00:00,7.474,6.749,0.04100000000000037,0.030999999999999694,0.005515942418942603,0.004614468591842765
2023-03-08 00:00:00,7.474,6.749,0.0,0.0,0.0,0.0
2023-03-09 00:00:00,7.474,6.79,0.0,0.04100000000000037,0.0,0.006074974070232682
2023-03-10 00:00:00,7.474,6.79,0.0,0.0,0.0,0.0
2023-03-11 00:00:00,7.474,6.79,0.0,0.0,0.0,0.0
2023-03-12 00:00:00,7.474,6.79,0.0,0.0,0.0,0.0
